[{"auto-use":true,"dark":"78,21,0,255","light":"78,21,0,255","name":"Alizarin Crimson"},{"auto-use":true,"dark":"219,0,0,255","light":"219,0,0,255","name":"Bright Red"},{"auto-use":true,"dark":"255,236,0,255","light":"255,236,0,255","name":"Cadmium Yellow"},{"auto-use":true,"dark":"95,46,31,255","light":"95,46,31,255","name":"Dark Sienna"},{"auto-use":true,"dark":"255,184,0,255","light":"255,184,0,255","name":"Indian Yellow"},{"auto-use":true,"dark":"0,0,0,255","light":"0,0,0,255","name":"Midnight Black"},{"auto-use":true,"dark":"12,0,64,255","light":"12,0,64,255","name":"Phthalo Blue"},{"auto-use":true,"dark":"16,46,60,255","light":"16,46,60,255","name":"Phthalo Green"},{"auto-use":true,"dark":"2,30,68,255","light":"2,30,68,255","name":"Prussian Blue"},{"auto-use":false,"dark":"10,52,16,255","light":"10,52,16,255","name":"Sap Green"},{"auto-use":false,"dark":"255,255,255,255","light":"255,255,255,255","name":"Titanium White"},{"auto-use":false,"dark":"34,27,21,255","light":"34,27,21,255","name":"Van Dyke Brown"},{"auto-use":false,"dark":"199,155,0,255","light":"199,155,0,255","name":"Yellow Ochre"}]
