[{"auto-use":true,"dark":"44,65,148,255","light":"44,65,148,255","name":"Sapphire"},{"auto-use":true,"dark":"83,112,192,255","light":"83,112,192,255","name":"Indigo"},{"auto-use":true,"dark":"157,146,204,255","light":"157,146,204,255","name":"Bluebell"},{"auto-use":true,"dark":"198,123,208,255","light":"198,123,208,255","name":"Lavender"},{"auto-use":true,"dark":"181,232,201,255","light":"181,232,201,255","name":"Emerald"},{"auto-use":true,"dark":"90,159,130,255","light":"90,159,130,255","name":"Aqua"}]
