[{"auto-use":true,"dark":"122,83,18,255","light":"236,195,126,255","name":"Raw Umber"},{"auto-use":true,"dark":"218,178,80,255","light":"240,224,185,255","name":"Old Gold"},{"auto-use":true,"dark":"255,238,138,255","light":"255,248,208,255","name":"Candlelight"},{"auto-use":true,"dark":"143,196,228,255","light":"210,231,244,255","name":"Light Cornflower"},{"auto-use":true,"dark":"116,152,238,255","light":"199,214,248,255","name":"Dark Cornflower"},{"auto-use":true,"dark":"38,97,187,255","light":"160,190,236,255","name":"Cerulean"}]
