[{"auto-use":true,"dark":"144,0,0,255","light":"255,72,72,255","name":"Alfa Romeo"},{"auto-use":true,"dark":"43,69,98,255","light":"127,161,199,255","name":"Alpha Tauri"},{"auto-use":true,"dark":"0,144,255,255","light":"128,199,255,255","name":"Alpine"},{"auto-use":true,"dark":"0,111,98,255","light":"55,255,232,255","name":"Aston Martin"},{"auto-use":true,"dark":"220,0,0,255","light":"255,110,110,255","name":"Ferrari"},{"auto-use":true,"dark":"255,255,255,255","light":"255,255,255,255","name":"Haas"},{"auto-use":true,"dark":"255,135,0,255","light":"255,195,128,255","name":"McLaren"},{"auto-use":true,"dark":"0,210,190,255","light":"105,255,241,255","name":"Mercedes"},{"auto-use":true,"dark":"6,0,239,255","light":"123,119,255,255","name":"Red Bull"},{"auto-use":true,"dark":"0,90,255,255","light":"128,173,255,255","name":"Williams"}]
