[{"auto-use":true,"dark":"144,0,0,255","light":"144,0,0,255","name":"Alfa Romeo"},{"auto-use":true,"dark":"43,69,98,255","light":"43,69,98,255","name":"Alpha Tauri"},{"auto-use":true,"dark":"0,144,255,255","light":"0,144,255,255","name":"Alpine"},{"auto-use":true,"dark":"0,111,98,255","light":"0,111,98,255","name":"Aston Martin"},{"auto-use":true,"dark":"220,0,0,255","light":"220,0,0,255","name":"Ferrari"},{"auto-use":true,"dark":"255,255,255,255","light":"255,255,255,255","name":"Haas"},{"auto-use":true,"dark":"255,135,0,255","light":"255,135,0,255","name":"McLaren"},{"auto-use":true,"dark":"0,210,190,255","light":"0,210,190,255","name":"Mercedes"},{"auto-use":true,"dark":"6,0,239,255","light":"6,0,239,255","name":"Red Bull"},{"auto-use":true,"dark":"0,90,255,255","light":"0,90,255,255","name":"Williams"}]
