[{"auto-use":true,"dark":"225,58,62,255","light":"225,58,62,255","name":"Atlanta Hawks"},{"auto-use":true,"dark":"0,131,72,255","light":"0,131,72,255","name":"Boston Celtics"},{"auto-use":true,"dark":"6,25,34,255","light":"6,25,34,255","name":"Brooklyn Nets"},{"auto-use":true,"dark":"0,140,168,255","light":"0,140,168,255","name":"Charlotte Hornets"},{"auto-use":true,"dark":"206,17,65,255","light":"206,17,65,255","name":"Chicago Bulls"},{"auto-use":true,"dark":"134,0,56,255","light":"134,0,56,255","name":"Cleveland Cavaliers"},{"auto-use":true,"dark":"0,125,197,255","light":"0,125,197,255","name":"Dallas Mavericks"},{"auto-use":true,"dark":"77,144,205,255","light":"77,144,205,255","name":"Denver Nuggets"},{"auto-use":true,"dark":"237,23,76,255","light":"237,23,76,255","name":"Detroit Pistons"},{"auto-use":true,"dark":"0,107,182,255","light":"0,107,182,255","name":"Golden State Warriors"},{"auto-use":true,"dark":"206,17,65,255","light":"206,17,65,255","name":"Houston Rockets"},{"auto-use":true,"dark":"255,198,51,255","light":"255,198,51,255","name":"Indiana Pacers"},{"auto-use":true,"dark":"6,25,34,255","light":"6,25,34,255","name":"Los Angeles Clippers"},{"auto-use":true,"dark":"85,37,130,255","light":"85,37,130,255","name":"Los Angeles Lakers"},{"auto-use":true,"dark":"115,153,198,255","light":"115,153,198,255","name":"Memphis Grizzlies"},{"auto-use":true,"dark":"188,190,192,255","light":"188,190,192,255","name":"Miami Heat"},{"auto-use":true,"dark":"0,71,27,255","light":"0,71,27,255","name":"Milwaukee Bucks"},{"auto-use":true,"dark":"0,80,131,255","light":"0,80,131,255","name":"Minnesota Timberwolves"},{"auto-use":true,"dark":"227,24,55,255","light":"227,24,55,255","name":"New Orleans Pelicans"},{"auto-use":true,"dark":"0,107,182,255","light":"0,107,182,255","name":"New York Knicks"},{"auto-use":true,"dark":"240,81,51,255","light":"240,81,51,255","name":"Oklahoma City Thunder"},{"auto-use":true,"dark":"0,125,197,255","light":"0,125,197,255","name":"Orlando Magic"},{"auto-use":true,"dark":"0,43,92,255","light":"0,43,92,255","name":"Philadelphia 76ers"},{"auto-use":true,"dark":"249,160,27,255","light":"249,160,27,255","name":"Phoenix Suns"},{"auto-use":true,"dark":"224,58,62,255","light":"224,58,62,255","name":"Portland Trail Blazers"},{"auto-use":true,"dark":"114,76,159,255","light":"114,76,159,255","name":"Sacramento Kings"},{"auto-use":true,"dark":"186,195,201,255","light":"186,195,201,255","name":"San Antonio Spurs"},{"auto-use":true,"dark":"206,17,65,255","light":"206,17,65,255","name":"Toronto Raptors"},{"auto-use":true,"dark":"249,160,27,255","light":"249,160,27,255","name":"Utah Jazz"},{"auto-use":true,"dark":"227,24,55,255","light":"227,24,55,255","name":"Washington Wizards"}]
