[{"auto-use":true,"dark":"133,113,77,255","light":"133,113,77,255","name":"Anaheim Ducks"},{"auto-use":true,"dark":"134,38,51,255","light":"134,38,51,255","name":"Arizona Coyotes"},{"auto-use":true,"dark":"255,184,28,255","light":"255,184,28,255","name":"Boston Bruins"},{"auto-use":true,"dark":"4,30,66,255","light":"4,30,66,255","name":"Buffalo Sabres"},{"auto-use":true,"dark":"200,16,46,255","light":"200,16,46,255","name":"Calgary Flames"},{"auto-use":true,"dark":"1,1,1,255","light":"1,1,1,255","name":"Carolina Hurricanes"},{"auto-use":true,"dark":"200,16,46,255","light":"200,16,46,255","name":"Chicago Blackhawks"},{"auto-use":true,"dark":"111,38,61,255","light":"111,38,61,255","name":"Colorado Avalanche"},{"auto-use":true,"dark":"4,30,66,255","light":"4,30,66,255","name":"Columbus Blue Jackets"},{"auto-use":true,"dark":"0,99,65,255","light":"0,99,65,255","name":"Dallas Stars"},{"auto-use":true,"dark":"200,16,46,255","light":"200,16,46,255","name":"Detroit Red Wings"},{"auto-use":true,"dark":"0,32,91,255","light":"0,32,91,255","name":"Edmonton Oilers"},{"auto-use":true,"dark":"200,16,46,255","light":"200,16,46,255","name":"Florida Panthers"},{"auto-use":true,"dark":"162,170,173,255","light":"162,170,173,255","name":"Los Angeles Kings"},{"auto-use":true,"dark":"21,71,52,255","light":"21,71,52,255","name":"Minnesota Wild"},{"auto-use":true,"dark":"166,25,46,255","light":"166,25,46,255","name":"Montreal Canadiens"},{"auto-use":true,"dark":"255,184,28,255","light":"255,184,28,255","name":"Nashville Predators"},{"auto-use":true,"dark":"200,16,46,255","light":"200,16,46,255","name":"New Jersey Devils"},{"auto-use":true,"dark":"252,76,2,255","light":"252,76,2,255","name":"New York Islanders"},{"auto-use":true,"dark":"0,51,160,255","light":"0,51,160,255","name":"New York Rangers"},{"auto-use":true,"dark":"200,16,46,255","light":"200,16,46,255","name":"Ottawa Senators"},{"auto-use":true,"dark":"250,70,22,255","light":"250,70,22,255","name":"Philadelphia Flyers"},{"auto-use":true,"dark":"255,184,28,255","light":"255,184,28,255","name":"Pittsburgh Penguins"},{"auto-use":true,"dark":"0,98,114,255","light":"0,98,114,255","name":"San Jose Sharks"},{"auto-use":true,"dark":"0,48,135,255","light":"0,48,135,255","name":"St Louis Blues"},{"auto-use":true,"dark":"0,32,91,255","light":"0,32,91,255","name":"Tampa Bay Lightning"},{"auto-use":true,"dark":"0,32,91,255","light":"0,32,91,255","name":"Toronto Maple Leafs"},{"auto-use":true,"dark":"0,32,91,255","light":"0,32,91,255","name":"Vancouver Canucks"},{"auto-use":true,"dark":"180,151,90,255","light":"180,151,90,255","name":"Vegas Golden Knights"},{"auto-use":true,"dark":"166,25,46,255","light":"166,25,46,255","name":"Washington Capitals"},{"auto-use":true,"dark":"4,30,66,255","light":"4,30,66,255","name":"Winnipeg Jets"}]
