[{"auto-use":true,"dark":"74,153,118,255","light":"74,153,118,255","name":"Smaragdine"},{"auto-use":true,"dark":"228,132,0,255","light":"228,132,0,255","name":"Fulvous"},{"auto-use":true,"dark":"228,155,15,255","light":"228,155,15,255","name":"Gamboge"},{"auto-use":true,"dark":"229,36,81,255","light":"229,36,81,255","name":"Amaranth"},{"auto-use":true,"dark":"255,145,175,255","light":"255,145,175,255","name":"Baker-Miller Pink"},{"auto-use":true,"dark":"119,20,25,255","light":"119,20,25,255","name":"Falu"},{"auto-use":true,"dark":"0,153,238,255","light":"0,153,238,255","name":"Pervenche"},{"auto-use":true,"dark":"152,180,212,255","light":"152,180,212,255","name":"Cerulean"},{"auto-use":true,"dark":"253,238,0,255","light":"253,238,0,255","name":"Aureolin"},{"auto-use":false,"dark":"0,47,167,255","light":"0,47,167,255","name":"Klein Blue"},{"auto-use":false,"dark":"8,176,124,255","light":"8,176,124,255","name":"Drake's Neck Green"},{"auto-use":true,"dark":"246,246,255,255","light":"246,246,255,255","name":"Milk and Water"},{"auto-use":true,"dark":"225,255,0,255","light":"225,255,0,255","name":"Chartreuse"}]
