[{"auto-use":true,"dark":"0,42,108,255","light":"0,42,108,255","name":"Blue 1"},{"auto-use":true,"dark":"1,63,158,255","light":"1,63,158,255","name":"Blue 2"},{"auto-use":true,"dark":"1,83,209,255","light":"1,83,209,255","name":"Blue 3"},{"auto-use":true,"dark":"7,104,254,255","light":"7,104,254,255","name":"Blue 4"},{"auto-use":true,"dark":"58,135,254,255","light":"58,135,254,255","name":"Blue 5"},{"auto-use":true,"dark":"109,166,254,255","light":"109,166,254,255","name":"Blue 6"},{"auto-use":true,"dark":"159,197,255,255","light":"159,197,255,255","name":"Blue 7"},{"auto-use":true,"dark":"210,228,255,255","light":"210,228,255,255","name":"Blue 8"},{"auto-use":true,"dark":"246,249,255,255","light":"246,249,255,255","name":"Blue 9"}]
