[{"auto-use":true,"dark":"141,63,0,255","light":"141,63,0,255","name":"Orange 1"},{"auto-use":true,"dark":"192,85,0,255","light":"192,85,0,255","name":"Orange 2"},{"auto-use":true,"dark":"243,108,0,255","light":"243,108,0,255","name":"Orange 3"},{"auto-use":true,"dark":"255,135,39,255","light":"255,135,39,255","name":"Orange 4"},{"auto-use":true,"dark":"255,163,90,255","light":"255,163,90,255","name":"Orange 5"},{"auto-use":true,"dark":"255,192,141,255","light":"255,192,141,255","name":"Orange 6"},{"auto-use":true,"dark":"255,220,192,255","light":"255,220,192,255","name":"Orange 7"},{"auto-use":true,"dark":"255,248,243,255","light":"255,248,243,255","name":"Orange 8"}]
